accuracy_mean,accuracy_std,precision_mean,precision_std,recall_mean,recall_std,f1_mean,f1_std,auc_mean,auc_std,specificity_mean,specificity_std
0.8108158508158508,0.053134225384040286,0.8831414900888586,0.06386391591080777,0.7246212121212121,0.14416101359957528,0.7872634993732429,0.07924252890865222,0.920322543617998,0.03201838756280567,0.8954545454545455,0.08510513133323407
