fold,accuracy,precision,recall,f1,auc,specificity
1,0.8636363636363636,0.9,0.8181818181818182,0.8571428571428571,0.963269054178145,0.9090909090909091
2,0.7727272727272727,0.9090909090909091,0.6060606060606061,0.7272727272727273,0.9439853076216713,0.9393939393939394
3,0.8484848484848485,0.96,0.7272727272727273,0.8275862068965517,0.9017447199265382,0.9696969696969697
4,0.7384615384615385,0.8571428571428571,0.5625,0.6792452830188679,0.8863636363636364,0.9090909090909091
5,0.8307692307692308,0.7894736842105263,0.9090909090909091,0.8450704225352113,0.90625,0.75
