inter_class_distance,intra_class_0,intra_class_1,fisher_ratio,silhouette_score
13.2184305,65.664246,69.082016,0.019234327841850585,0.0098303035
